1;1;Adana;Seyhan;5 Ocak Vergi Dairesi Müdürlüğü
2;1;Adana;Seyhan;Yüreğir Vergi Dairesi Müdürlüğü
3;1;Adana;Seyhan;Seyhan Vergi Dairesi Müdürlüğü
4;1;Adana;Seyhan;Ziyapaşa Vergi Dairesi Müdürlüğü
5;1;Adana;Seyhan;Çukurova Vergi Dairesi Müdürlüğü
6;1;Adana;Ceyhan;Ceyhan Vergi Dairesi Müdürlüğü
7;1;Adana;Kozan;Kozan Vergi Dairesi Müdürlüğü
8;1;Adana;Karataş;Karataş Vergi Dairesi Müdürlüğü
9;1;Adana;Feke;Feke Malmüdürlüğü
10;1;Adana;Karaisalı;Karaisalı Malmüdürlüğü
11;1;Adana;Pozantı;Pozantı Malmüdürlüğü
12;1;Adana;Saimbeyli;Saimbeyli Malmüdürlüğü
13;1;Adana;Tufanbeyli;Tufanbeyli Malmüdürlüğü
14;1;Adana;Yumurtalık;Yumurtalık Malmüdürlüğü
15;1;Adana;Aladağ;Aladağ Malmüdürlüğü
16;1;Adana;İmamoğlu;İmamoğlu Malmüdürlüğü
17;2;Adıyaman;Adıyaman;Adıyaman Vergi Dairesi Müdürlüğü
18;2;Adıyaman;Kahta;Kahta Vergi Dairesi Müdürlüğü
19;2;Adıyaman;Besni;Besni Malmüdürlüğü
20;2;Adıyaman;Çelikhan;Çelikhan Malmüdürlüğü
21;2;Adıyaman;Gerger;Gerger Malmüdürlüğü
22;2;Adıyaman;Gölbaşı;Gölbaşı Malmüdürlüğü
23;2;Adıyaman;Samsat;Samsat Malmüdürlüğü
24;2;Adıyaman;Sincik;Sincik Malmüdürlüğü
25;2;Adıyaman;Tut;Tut Malmüdürlüğü
26;3;Afyonkarahisar;Afyonkarahisar;Tınaztepe Vergi Dairesi Müdürlüğü
27;3;Afyonkarahisar;Afyonkarahisar;Kocatepe Vergi Dairesi Müdürlüğü
28;3;Afyonkarahisar;Dinar;Dinar Vergi Dairesi Müdürlüğü
29;3;Afyonkarahisar;Bolvadin;Bolvadin Vergi Dairesi Müdürlüğü
30;3;Afyonkarahisar;Emirdağ;Emirdağ Vergi Dairesi Müdürlüğü
31;3;Afyonkarahisar;Sandıklı;Sandıklı Vergi Dairesi Müdürlüğü
32;3;Afyonkarahisar;Çay;Çay Vergi Dairesi Müdürlüğü
33;3;Afyonkarahisar;Dazkırı;Dazkırı Malmüdürlüğü
34;3;Afyonkarahisar;İhsaniye;İhsaniye Malmüdürlüğü
35;3;Afyonkarahisar;Sinanpaşa;Sinanpaşa Malmüdürlüğü
36;3;Afyonkarahisar;Sultandağı;Sultandağı Malmüdürlüğü
37;3;Afyonkarahisar;Şuhut;Şuhut Malmüdürlüğü
38;3;Afyonkarahisar;Başmakçı;Başmakçı Malmüdürlüğü
39;3;Afyonkarahisar;Bayat;Bayat Malmüdürlüğü
40;3;Afyonkarahisar;İscehisar;İscehisar Malmüdürlüğü
41;3;Afyonkarahisar;Çobanlar;Çobanlar Malmüdürlüğü
42;3;Afyonkarahisar;Evciler;Evciler Malmüdürlüğü
43;3;Afyonkarahisar;Hocalar;Hocalar Malmüdürlüğü
44;3;Afyonkarahisar;Kızılören;Kızılören Malmüdürlüğü
45;4;AĞRI;Ağrı;Ağrı Vergi Dairesi Müdürlüğü
46;4;AĞRI;Doğubeyazıt;Doğubeyazıt Vergi Dairesi Müdürlüğü
47;4;AĞRI;Diyadin;Diyadin Malmüdürlüğü
48;4;AĞRI;Eleşkirt;Eleşkirt Malmüdürlüğü
49;4;AĞRI;Hamur;Hamur Malmüdürlüğü
50;4;AĞRI;Patnos;Patnos Malmüdürlüğü
51;4;AĞRI;Taşlıçay;Taşlıçay Malmüdürlüğü
52;4;AĞRI;Tutak;Tutak Malmüdürlüğü
53;5;AMASYA;Amasya;Amasya Vergi Dairesi Müdürlüğü
54;5;AMASYA;Merzifon;Merzifon Vergi Dairesi Müdürlüğü
55;5;AMASYA;Gümüşhacıköy;Gümüşhacıköy Vergi Dairesi Müdürlüğü
56;5;AMASYA;Taşova;Taşova Vergi Dairesi Müdürlüğü
57;5;AMASYA;Suluova;Suluova Vergi Dairesi Müdürlüğü
58;5;AMASYA;Göynücek;Göynücek Malmüdürlüğü
59;5;AMASYA;Hamamözü;Hamamözü Malmüdürlüğü
60;6;Ankara;Çankaya;Kavaklıdere Vergi Dairesi Müdürlüğü
61;6;Ankara;Çankaya;Hitit Vergi Dairesi Müdürlüğü
62;6;Ankara;Çankaya;Ostim Vergi Dairesi Müdürlüğü
63;6;Ankara;Çankaya;Veraset ve Harçlar Vergi Dairesi Müdürlüğü
64;6;Ankara;Çankaya;Maltepe Vergi Dairesi Müdürlüğü
65;6;Ankara;Çankaya;Yenimahalle Vergi Dairesi Müdürlüğü
66;6;Ankara;Çankaya;Çankaya Vergi Dairesi Müdürlüğü
67;6;Ankara;Çankaya;Kızılbey Vergi Dairesi Müdürlüğü
68;6;Ankara;Çankaya;Mithatpaşa Vergi Dairesi Müdürlüğü
69;6;Ankara;Çankaya;Ulus Vergi Dairesi Müdürlüğü
70;6;Ankara;Çankaya;Yıldırım Beyazıt Vergi Dairesi Müdürlüğü
71;6;Ankara;Çankaya;Seğmenler Vergi Dairesi Müdürlüğü
72;6;Ankara;Çankaya;Dikimevi Vergi Dairesi Müdürlüğü
73;6;Ankara;Çankaya;Doğanbey Vergi Dairesi Müdürlüğü
74;6;Ankara;Çankaya;Yeğenbey Vergi Dairesi Müdürlüğü
75;6;Ankara;Altındağ;Yahya Galip Vergi Dairesi Müdürlüğü
76;6;Ankara;Altındağ;Muhammet Karagüzel Vergi Dairesi Müdürlüğü
77;6;Ankara;Gölbaşı;Gölbaşı Vergi Dairesi Müdürlüğü
78;6;Ankara;Sincan;Sincan Vergi Dairesi Müdürlüğü
79;6;Ankara;Dışkapı;Dışkapı Vergi Dairesi Müdürlüğü
80;6;Ankara;Etimesgut;Etimesgut Vergi Dairesi Müdürlüğü
81;6;Ankara;Başkent;Başkent Vergi Dairesi Müdürlüğü
82;6;Ankara;Cumhuriyet;Cumhuriyet Vergi Dairesi Müdürlüğü
83;6;Ankara;Keçiören;Keçiören Vergi Dairesi Müdürlüğü
84;6;Ankara;Kazan;Kazan Vergi Dairesi Müdürlüğü
85;6;Ankara;Polatlı;Polatlı Vergi Dairesi Müdürlüğü
86;6;Ankara;Şereflikoçhisar;Şereflikoçhisar Vergi Dairesi Müdürlüğü
87;6;Ankara;Beypazarı;Beypazarı Vergi Dairesi Müdürlüğü
88;6;Ankara;Çubuk;Çubuk Vergi Dairesi Müdürlüğü
89;6;Ankara;Haymana;Haymana Vergi Dairesi Müdürlüğü
90;6;Ankara;Elmadağ;Elmadağ Vergi Dairesi Müdürlüğü
91;6;Ankara;Ayaş;Ayaş Malmüdürlüğü
92;6;Ankara;Bala;Balâ Malmüdürlüğü
93;6;Ankara;Çamlıdere;Çamlıdere Malmüdürlüğü
94;6;Ankara;Güdül;Güdül Malmüdürlüğü
95;6;Ankara;Kalecik;Kalecik Malmüdürlüğü
96;6;Ankara;Kızılcahamam;Kızılcahamam Malmüdürlüğü
97;6;Ankara;Nallıhan;Nallıhan Malmüdürlüğü
98;6;Ankara;Akyurt;Akyurt Malmüdürlüğü
99;6;Ankara;Evren;Evren Malmüdürlüğü
100;7;Antalya;Muratpaşa;Antalya Kurumlar Vergi Dairesi Müdürlüğü
101;7;Antalya;Muratpaşa;Üçkapılar Vergi Dairesi Müdürlüğü
102;7;Antalya;Muratpaşa;Kalekapı Vergi Dairesi Müdürlüğü
103;7;Antalya;Muratpaşa;Muratpaşa Vergi Dairesi Müdürlüğü
104;7;Antalya;Muratpaşa;Düden Vergi Dairesi Müdürlüğü
105;7;Antalya;Alanya;Alanya Vergi Dairesi Müdürlüğü
106;7;Antalya;Serik;Serik Vergi Dairesi Müdürlüğü
107;7;Antalya;Manavgat;Manavgat Vergi Dairesi Müdürlüğü
108;7;Antalya;Elmalı;Elmalı Vergi Dairesi Müdürlüğü
109;7;Antalya;Kemer;Kemer Vergi Dairesi Müdürlüğü
110;7;Antalya;Kumluca;Kumluca Vergi Dairesi Müdürlüğü
111;7;Antalya;Finike;Finike Malmüdürlüğü
112;7;Antalya;Akseki;Akseki Malmüdürlüğü
113;7;Antalya;Gazipaşa;Gazipaşa Malmüdürlüğü
114;7;Antalya;Gündoğmuş;Gündoğmuş Malmüdürlüğü
115;7;Antalya;Kaş;Kaş Malmüdürlüğü
116;7;Antalya;Korkuteli;Korkuteli Malmüdürlüğü
117;7;Antalya;Demre;Demre Malmüdürlüğü
118;7;Antalya;İbradı;İbradı Malmüdürlüğü
119;8;Artvin;Artvin;Artvin Vergi Dairesi Müdürlüğü
120;8;Artvin;Hopa;Hopa Vergi Dairesi Müdürlüğü
121;8;Artvin;Ardanuç;Ardanuç Malmüdürlüğü
122;8;Artvin;Arhavi;Arhavi Malmüdürlüğü
123;8;Artvin;Borçka;Borçka Malmüdürlüğü
124;8;Artvin;Şavşat;Şavşat Malmüdürlüğü
125;8;Artvin;Yusufeli;Yusufeli Malmüdürlüğü
126;8;Artvin;Murgul;Murgul Malmüdürlüğü
127;9;Aydın;Efeler;Efeler Vergi Dairesi Müdürlüğü
128;9;Aydın;Güzelhisar;Güzelhisar Vergi Dairesi Müdürlüğü
129;9;Aydın;Nazilli;Nazilli Vergi Dairesi Müdürlüğü
130;9;Aydın;Söke;Söke Vergi Dairesi Müdürlüğü
131;9;Aydın;Çine;Çine Vergi Dairesi Müdürlüğü
132;9;Aydın;Germencik;Germencik Vergi Dairesi Müdürlüğü
133;9;Aydın;Kuşadası;Kuşadası Vergi Dairesi Müdürlüğü
134;9;Aydın;Didim;Didim Vergi Dairesi Müdürlüğü
135;9;Aydın;Bozdoğan;Bozdoğan Malmüdürlüğü
136;9;Aydın;Karacasu;Karacasu Malmüdürlüğü
137;9;Aydın;Koçarlı;Koçarlı Malmüdürlüğü
138;9;Aydın;Kuyucak;Kuyucak Malmüdürlüğü
139;9;Aydın;Sultanhisar;Sultanhisar Malmüdürlüğü
140;9;Aydın;Yenipazar;Yenipazar Malmüdürlüğü
141;9;Aydın;Buharkent;Buharkent Malmüdürlüğü
142;9;Aydın;İncirliova;İncirliova Malmüdürlüğü
143;9;Aydın;Karpuzlu;Karpuzlu Malmüdürlüğü
144;9;Aydın;Köşk;Köşk Malmüdürlüğü
145;10;Balıkesir;Altıeylül;Karesi Vergi Dairesi Müdürlüğü
146;10;Balıkesir;Altıeylül;Kurtdereli Vergi Dairesi Müdürlüğü
147;10;Balıkesir;Ayvalık;Ayvalık Vergi Dairesi Müdürlüğü
148;10;Balıkesir;Bandırma;Bandırma Vergi Dairesi Müdürlüğü
149;10;Balıkesir;Burhaniye;Burhaniye Vergi Dairesi Müdürlüğü
150;10;Balıkesir;Edremit;Edremit Vergi Dairesi Müdürlüğü
151;10;Balıkesir;Gönen;Gönen Vergi Dairesi Müdürlüğü
152;10;Balıkesir;Susurluk;Susurluk Vergi Dairesi Müdürlüğü
153;10;Balıkesir;Erdek;Erdek Vergi Dairesi Müdürlüğü
154;10;Balıkesir;Bigadiç;Bigadiç Vergi Dairesi Müdürlüğü
155;10;Balıkesir;Sındırgı;Sındırgı Vergi Dairesi Müdürlüğü
156;10;Balıkesir;Dursunbey;Dursunbey Vergi Dairesi Müdürlüğü
157;10;Balıkesir;Balya;Balya Malmüdürlüğü
158;10;Balıkesir;Havran;Havran Malmüdürlüğü
159;10;Balıkesir;İvrindi;İvrindi Malmüdürlüğü
160;10;Balıkesir;Kepsut;Kepsut Malmüdürlüğü
161;10;Balıkesir;Manyas;Manyas Malmüdürlüğü
162;10;Balıkesir;Savaştepe;Savaştepe Malmüdürlüğü
163;10;Balıkesir;Marmara;Marmara Malmüdürlüğü
164;10;Balıkesir;Gömeç;Gömeç Malmüdürlüğü
165;11;Bilecik;Bilecik;Bilecik Vergi Dairesi Müdürlüğü
166;11;Bilecik;Bozüyük;Bozüyük Vergi Dairesi Müdürlüğü
167;11;Bilecik;Gölpazarı;Gölpazarı Malmüdürlüğü
168;11;Bilecik;Osmaneli;Osmaneli Malmüdürlüğü
169;11;Bilecik;Pazaryeri;Pazaryeri Malmüdürlüğü
170;11;Bilecik;Söğüt;Söğüt Malmüdürlüğü
171;11;Bilecik;Yenipazar;Yenipazar Malmüdürlüğü
172;11;Bilecik;İnhisar;İnhisar Malmüdürlüğü
173;12;BİNGÖL;Bingöl;Bingöl Vergi Dairesi Müdürlüğü
174;12;BİNGÖL;Genç;Genç Malmüdürlüğü
175;12;BİNGÖL;Karlıova;Karlıova Malmüdürlüğü
176;12;BİNGÖL;Kiğı;Kiğı Malmüdürlüğü
177;12;BİNGÖL;Solhan;Solhan Malmüdürlüğü
178;12;BİNGÖL;Adaklı;Adaklı Malmüdürlüğü
179;12;BİNGÖL;Yayladere;Yayladere Malmüdürlüğü
180;12;BİNGÖL;Yedisu;Yedisu Malmüdürlüğü
181;13;BİTLİS;Bitlis;Bitlis Vergi Dairesi Müdürlüğü
182;13;BİTLİS;TatVan;TatVan Vergi Dairesi Müdürlüğü
183;13;BİTLİS;Adilcevaz;Adilcevaz Malmüdürlüğü
184;13;BİTLİS;Ahlat;Ahlat Malmüdürlüğü
185;13;BİTLİS;Hizan;Hizan Malmüdürlüğü
186;13;BİTLİS;Mutki;Mutki Malmüdürlüğü
187;13;BİTLİS;Göroymak;Güroymak Malmüdürlüğü
188;14;BOLU;Bolu;Bolu Vergi Dairesi Müdürlüğü
189;14;BOLU;Gerede;Gerede Vergi Dairesi Müdürlüğü
190;14;BOLU;Göynük;Göynük Malmüdürlüğü
191;14;BOLU;Kıbrıscık;Kıbrıscık Malmüdürlüğü
192;14;BOLU;Mengen;Mengen Malmüdürlüğü
193;14;BOLU;Mudurnu;Mudurnu Malmüdürlüğü
194;14;BOLU;Seben;Seben Malmüdürlüğü
195;14;BOLU;DörtdiVan;DörtdiVan Malmüdürlüğü
196;14;BOLU;Yeniçağa;Yeniçağa Malmüdürlüğü
197;15;BURDUR;Burdur;Burdur Vergi Dairesi Müdürlüğü
198;15;BURDUR;Bucak;Bucak Vergi Dairesi Müdürlüğü
199;15;BURDUR;Ağlasun;Ağlasun Malmüdürlüğü
200;15;BURDUR;Gölhisar;Gölhisar Malmüdürlüğü
201;15;BURDUR;Tefenni;Tefenni Malmüdürlüğü
202;15;BURDUR;Yeşilova;Yeşilova Malmüdürlüğü
203;15;BURDUR;Karamanlı;Karamanlı Malmüdürlüğü
204;15;BURDUR;Kemer;Kemer Malmüdürlüğü
205;15;BURDUR;Altınyayla;Altınyayla Malmüdürlüğü
206;15;BURDUR;Çavdır;Çavdır Malmüdürlüğü
207;15;BURDUR;Çeltikçi;Çeltikçi Malmüdürlüğü
208;16;BURSA;Nilüfer;Osmangazi Vergi Dairesi Müdürlüğü
209;16;BURSA;Nilüfer;Yıldırım Vergi Dairesi Müdürlüğü
210;16;BURSA;Nilüfer;Çekirge Vergi Dairesi Müdürlüğü
211;16;BURSA;Nilüfer;Setbaşı Vergi Dairesi Müdürlüğü
212;16;BURSA;Nilüfer;Uludağ Vergi Dairesi Müdürlüğü
213;16;BURSA;Nilüfer;Yeşil Vergi Dairesi Müdürlüğü
214;16;BURSA;Nilüfer;Nilüfer Vergi Dairesi Müdürlüğü
215;16;BURSA;Nilüfer;Ertuğrulgazi Vergi Dairesi Müdürlüğü
216;16;BURSA;Nilüfer;Gökdere Vergi Dairesi Müdürlüğü
217;16;BURSA;Gemlik;Gemlik Vergi Dairesi Müdürlüğü
218;16;BURSA;İnegöl;İnegöl Vergi Dairesi Müdürlüğü
219;16;BURSA;Karacabey;Karacabey Vergi Dairesi Müdürlüğü
220;16;BURSA;Mustafakemalpaşa;Mustafakemalpaşa Vergi Dairesi Müdürlüğü
221;16;BURSA;Mudanya;Mudanya Vergi Dairesi Müdürlüğü
222;16;BURSA;Orhangazi;Orhangazi Vergi Dairesi Müdürlüğü
223;16;BURSA;İznik;İznik Vergi Dairesi Müdürlüğü
224;16;BURSA;Yenişehir;Yenişehir Vergi Dairesi Müdürlüğü
225;16;BURSA;Keles;Keles Malmüdürlüğü
226;16;BURSA;Orhaneli;Orhaneli Malmüdürlüğü
227;16;BURSA;Harmancık;Harmancık Malmüdürlüğü
228;16;BURSA;Büyükorhan;Büyükorhan Malmüdürlüğü
229;17;ÇANAKKALE;Çanakkale;Çanakkale Vergi Dairesi Müdürlüğü
230;17;ÇANAKKALE;Biga;Biga Vergi Dairesi Müdürlüğü
231;17;ÇANAKKALE;Çan;Çan Vergi Dairesi Müdürlüğü
232;17;ÇANAKKALE;Gelibolu;Gelibolu Vergi Dairesi Müdürlüğü
233;17;ÇANAKKALE;Ayvacık;Ayvacık Malmüdürlüğü
234;17;ÇANAKKALE;Bayramiç;Bayramiç Malmüdürlüğü
235;17;ÇANAKKALE;Bozcaada;Bozcaada Malmüdürlüğü
236;17;ÇANAKKALE;Eceabat;Eceabat Malmüdürlüğü
237;17;ÇANAKKALE;Ezine;Ezine Malmüdürlüğü
238;17;ÇANAKKALE;Gökçeada;Gökçeada Malmüdürlüğü
239;17;ÇANAKKALE;Lapseki;Lapseki Malmüdürlüğü
240;17;ÇANAKKALE;Yenice;Yenice Malmüdürlüğü
241;18;ÇANKIRI;Çankırı;Çankırı Vergi Dairesi Müdürlüğü
242;18;ÇANKIRI;Çerkeş;Çerkeş Malmüdürlüğü
243;18;ÇANKIRI;EldiVan;EldiVan Malmüdürlüğü
244;18;ÇANKIRI;Ilgaz;Ilgaz Malmüdürlüğü
245;18;ÇANKIRI;Kurşunlu;Kurşunlu Malmüdürlüğü
246;18;ÇANKIRI;Orta;Orta Malmüdürlüğü
247;18;ÇANKIRI;Şabanözü;Şabanözü Malmüdürlüğü
248;18;ÇANKIRI;Yapraklı;Yapraklı Malmüdürlüğü
249;18;ÇANKIRI;Atkaracalar;Atkaracalar Malmüdürlüğü
250;18;ÇANKIRI;Kızılırmak;Kızılırmak Malmüdürlüğü
251;18;ÇANKIRI;Bayramören;Bayramören Malmüdürlüğü
252;18;ÇANKIRI;Korgun;Korgun Malmüdürlüğü
253;19;ÇORUM;Çorum;Çorum Vergi Dairesi Müdürlüğü
254;19;ÇORUM;Sungurlu;Sungurlu Vergi Dairesi Müdürlüğü
255;19;ÇORUM;Alaca;Alaca Malmüdürlüğü
256;19;ÇORUM;Bayat;Bayat Malmüdürlüğü
257;19;ÇORUM;İskilip;İskilip Malmüdürlüğü
258;19;ÇORUM;Kargı;Kargı Malmüdürlüğü
259;19;ÇORUM;Mecitözü;Mecitözü Malmüdürlüğü
260;19;ÇORUM;Ortaköy;Ortaköy Malmüdürlüğü
261;19;ÇORUM;Osmancık;Osmancık Malmüdürlüğü
262;19;ÇORUM;Boğazkale;Boğazkale Malmüdürlüğü
263;19;ÇORUM;Uğurludağ;Uğurludağ Malmüdürlüğü
264;19;ÇORUM;Dodurga;Dodurga Malmüdürlüğü
265;19;ÇORUM;Oğuzlar;Oğuzlar Malmüdürlüğü
266;19;ÇORUM;Laçin;Laçin Malmüdürlüğü
267;20;DENİZLİ;Denizli;Çınar Vergi Dairesi Müdürlüğü
268;20;DENİZLİ;Denizli;Gökpınar Vergi Dairesi Müdürlüğü
269;20;DENİZLİ;Denizli;Saraylar Vergi Dairesi Müdürlüğü
270;20;DENİZLİ;Denizli;Pamukkale Vergi Dairesi Müdürlüğü
271;20;DENİZLİ;Sarayköy;Sarayköy Vergi Dairesi Müdürlüğü
272;20;DENİZLİ;Acıpayam;Acıpayam Vergi Dairesi Müdürlüğü
273;20;DENİZLİ;Tavas;Tavas Vergi Dairesi Müdürlüğü
274;20;DENİZLİ;Buldan;Buldan Vergi Dairesi Müdürlüğü
275;20;DENİZLİ;Çal;Çal Vergi Dairesi Müdürlüğü
276;20;DENİZLİ;Çivril;Çivril Vergi Dairesi Müdürlüğü
277;20;DENİZLİ;Çameli;Çameli Malmüdürlüğü
278;20;DENİZLİ;Çardak;Çardak Malmüdürlüğü
279;20;DENİZLİ;Güney;Güney Malmüdürlüğü
280;20;DENİZLİ;Kale;Kale Malmüdürlüğü
281;20;DENİZLİ;Babadağ;Babadağ Malmüdürlüğü
282;20;DENİZLİ;Bekilli;Bekilli Malmüdürlüğü
283;20;DENİZLİ;Honaz;Honaz Malmüdürlüğü
284;20;DENİZLİ;Serinhisar;Serinhisar Malmüdürlüğü
285;20;DENİZLİ;Akköy;Akköy Malmüdürlüğü
286;20;DENİZLİ;Baklan;Baklan Malmüdürlüğü
287;20;DENİZLİ;Beyağaç;Beyağaç Malmüdürlüğü
288;20;DENİZLİ;Bozkurt;Bozkurt Malmüdürlüğü
289;21;Diyarbakır;Diyarbakır;Gökalp Vergi Dairesi Müdürlüğü
290;21;Diyarbakır;Diyarbakır;Süleymannazif Vergi Dairesi Müdürlüğü
291;21;Diyarbakır;Diyarbakır;Cahit Sıtkı Tarancı Vergi Dairesi Müdürlüğü
292;21;Diyarbakır;Bismil;Bismil Malmüdürlüğü
293;21;Diyarbakır;Çermik;Çermik Malmüdürlüğü
294;21;Diyarbakır;Çınar;Çınar Malmüdürlüğü
295;21;Diyarbakır;Çüngüş;Çüngüş Malmüdürlüğü
296;21;Diyarbakır;Dicle;Dicle Malmüdürlüğü
297;21;Diyarbakır;Ergani;Ergani Malmüdürlüğü
298;21;Diyarbakır;Hani;Hani Malmüdürlüğü
299;21;Diyarbakır;Hazro;Hazro Malmüdürlüğü
300;21;Diyarbakır;Kulp;Kulp Malmüdürlüğü
301;21;Diyarbakır;Lice;Lice Malmüdürlüğü
302;21;Diyarbakır;SilVan;SilVan Malmüdürlüğü
303;21;Diyarbakır;Eğil;Eğil Malmüdürlüğü
304;21;Diyarbakır;Kocaköy;Kocaköy Malmüdürlüğü
305;22;Edirne;Edirne;Arda Vergi Dairesi Müdürlüğü
306;22;Edirne;Edirne;Kırkpınar Vergi Dairesi Müdürlüğü
307;22;Edirne;Keşan;Keşan Vergi Dairesi Müdürlüğü
308;22;Edirne;Uzunköprü;Uzunköprü Vergi Dairesi Müdürlüğü
309;22;Edirne;Havsa;Havsa Vergi Dairesi Müdürlüğü
310;22;Edirne;İpsala;İpsala Vergi Dairesi Müdürlüğü
311;22;Edirne;Enez;Enez Malmüdürlüğü
312;22;Edirne;Lalapaşa;Lalapaşa Malmüdürlüğü
313;22;Edirne;Meriç;Meriç Malmüdürlüğü
314;22;Edirne;Süloğlu;Süloğlu Malmüdürlüğü
315;23;ELAZIĞ;Harput;Harput Vergi Dairesi Müdürlüğü
316;23;ELAZIĞ;Hazar;Hazar Vergi Dairesi Müdürlüğü
317;23;ELAZIĞ;Ağın;Ağın Malmüdürlüğü
318;23;ELAZIĞ;Baskil;Baskil Malmüdürlüğü
319;23;ELAZIĞ;Karakoçan;Karakoçan Malmüdürlüğü
320;23;ELAZIĞ;Keban;Keban Malmüdürlüğü
321;23;ELAZIĞ;Maden;Maden Malmüdürlüğü
322;23;ELAZIĞ;Palu;Palu Malmüdürlüğü
323;23;ELAZIĞ;Sivrice;Sivrice Malmüdürlüğü
324;23;ELAZIĞ;Arıcak;Arıcak Malmüdürlüğü
325;23;ELAZIĞ;KoVancılar;KoVancılar Malmüdürlüğü
326;23;ELAZIĞ;Alacakaya;Alacakaya Malmüdürlüğü
327;24;Erzincan;Erzincan;Fevzipaşa Vergi Dairesi Müdürlüğü
328;24;Erzincan;Çayırlı;Çayırlı Malmüdürlüğü
329;24;Erzincan;İliç;İliç Malmüdürlüğü
330;24;Erzincan;Kemah;Kemah Malmüdürlüğü
331;24;Erzincan;Kemaliye;Kemaliye Malmüdürlüğü
332;24;Erzincan;Refahiye;Refahiye Malmüdürlüğü
333;24;Erzincan;Tercan;Tercan Malmüdürlüğü
334;24;Erzincan;Üzümlü;Üzümlü Malmüdürlüğü
335;24;Erzincan;Otlukbeli;Otlukbeli Malmüdürlüğü
336;25;ERZURUM;Yakutiye;Aziziye Vergi Dairesi Müdürlüğü
337;25;ERZURUM;Yakutiye;Kazımkarabekir Vergi Dairesi Müdürlüğü
338;25;ERZURUM;Aşkale;Aşkale Malmüdürlüğü
339;25;ERZURUM;Çat;Çat Malmüdürlüğü
340;25;ERZURUM;Hınıs;Hınıs Malmüdürlüğü
341;25;ERZURUM;Horasan;Horasan Malmüdürlüğü
342;25;ERZURUM;İspir;İspir Malmüdürlüğü
343;25;ERZURUM;Karayazı;Karayazı Malmüdürlüğü
344;25;ERZURUM;Narman;Narman Malmüdürlüğü
345;25;ERZURUM;Oltu;Oltu Malmüdürlüğü
346;25;ERZURUM;Olur;Olur Malmüdürlüğü
347;25;ERZURUM;Pasinler;Pasinler Malmüdürlüğü
348;25;ERZURUM;Şenkaya;Şenkaya Malmüdürlüğü
349;25;ERZURUM;Tekman;Tekman Malmüdürlüğü
350;25;ERZURUM;Tortum;Tortum Malmüdürlüğü
351;25;ERZURUM;Karaçoban;Karaçoban Malmüdürlüğü
352;25;ERZURUM;Uzundere;Uzundere Malmüdürlüğü
353;25;ERZURUM;Pazaryolu;Pazaryolu Malmüdürlüğü
354;25;ERZURUM;Yakutiye;Aziziye (Ilıca) Malmüdürlüğü
355;25;ERZURUM;Köprüköy;Köprüköy Malmüdürlüğü
356;26;Eskişehir;Eskişehir;Yunus Emre Vergi Dairesi Müdürlüğü
357;26;Eskişehir;Eskişehir;2 Eylül Vergi Dairesi Müdürlüğü
358;26;Eskişehir;Eskişehir;Battalgazi Vergi Dairesi Müdürlüğü
359;26;Eskişehir;Eskişehir;Taşbaşı Vergi Dairesi Müdürlüğü
360;26;Eskişehir;Çifteler;Çifteler Vergi Dairesi Müdürlüğü
361;26;Eskişehir;Sivrihisar;Sivrihisar Vergi Dairesi Müdürlüğü
362;26;Eskişehir;Mahmudiye;Mahmudiye Malmüdürlüğü
363;26;Eskişehir;Mihalıççık;Mihalıççık Malmüdürlüğü
364;26;Eskişehir;Sarıcakaya;Sarıcakaya Malmüdürlüğü
365;26;Eskişehir;Seyitgazi;Seyitgazi Malmüdürlüğü
366;26;Eskişehir;Alpu;Alpu Malmüdürlüğü
367;26;Eskişehir;Beylikova;Beylikova Malmüdürlüğü
368;26;Eskişehir;İnönü;İnönü Malmüdürlüğü
369;26;Eskişehir;Günyüzü;Günyüzü Malmüdürlüğü
370;26;Eskişehir;Han;Han Malmüdürlüğü
371;26;Eskişehir;Mihalgazi;Mihalgazi Malmüdürlüğü
372;27;GAZİANTEP;Gaziantep;Suburcu Vergi Dairesi Müdürlüğü
373;27;GAZİANTEP;Gaziantep;Şehitkâmil Vergi Dairesi Müdürlüğü
374;27;GAZİANTEP;Gaziantep;Şahinbey Vergi Dairesi Müdürlüğü
375;27;GAZİANTEP;Gaziantep;Gazikent Vergi Dairesi Müdürlüğü
376;27;GAZİANTEP;Gaziantep;Kozanlı Vergi Dairesi Müdürlüğü
377;27;GAZİANTEP;Nizip;Nizip Vergi Dairesi Müdürlüğü
378;27;GAZİANTEP;İslahiye;İslahiye Vergi Dairesi Müdürlüğü
379;27;GAZİANTEP;Araban;Araban Malmüdürlüğü
380;27;GAZİANTEP;Gaziantep;Oğuzeli Malmüdürlüğü
381;27;GAZİANTEP;Yavuzeli;Yavuzeli Malmüdürlüğü
382;27;GAZİANTEP;Karkamış;Karkamış Malmüdürlüğü
383;27;GAZİANTEP;Nurdağı;Nurdağı Malmüdürlüğü
384;28;GİRESUN;Gaziantep;Giresun Vergi Dairesi Müdürlüğü
385;28;GİRESUN;Bulancak;Bulancak Vergi Dairesi Müdürlüğü
386;28;GİRESUN;Alucra;Alucra Malmüdürlüğü
387;28;GİRESUN;Dereli;Dereli Malmüdürlüğü
388;28;GİRESUN;Espiye;Espiye Malmüdürlüğü
389;28;GİRESUN;Eynesil;Eynesil Malmüdürlüğü
390;28;GİRESUN;Görele;Görele Malmüdürlüğü
391;28;GİRESUN;Keşap;Keşap Malmüdürlüğü
392;28;GİRESUN;Şebinkarahisar;Şebinkarahisar Malmüdürlüğü
393;28;GİRESUN;Tirebolu;Tirebolu Malmüdürlüğü
394;28;GİRESUN;Piraziz;Piraziz Malmüdürlüğü
395;28;GİRESUN;Yağlıdere;Yağlıdere Malmüdürlüğü
396;28;GİRESUN;Çanakçı;Çanakçı Malmüdürlüğü
397;28;GİRESUN;Güce;Güce Malmüdürlüğü
398;28;GİRESUN;Çamoluk;Çamoluk Malmüdürlüğü
399;28;GİRESUN;Doğankent;Doğankent Malmüdürlüğü
400;29;Gümüşhane;Gümüşhane;Gümüşhane Vergi Dairesi Müdürlüğü
401;29;Gümüşhane;Kelkit;Kelkit Malmüdürlüğü
402;29;Gümüşhane;Şiran;Şiran Malmüdürlüğü
403;29;Gümüşhane;Torul;Torul Malmüdürlüğü
404;29;Gümüşhane;Köse;Köse Malmüdürlüğü
405;29;Gümüşhane;Kürtün;Kürtün Malmüdürlüğü
406;30;HAKKARİ;Hakkari;Hakkari Vergi Dairesi Müdürlüğü
407;30;HAKKARİ;Yüksekova;Yüksekova Vergi Dairesi Müdürlüğü
408;30;HAKKARİ;Çukurca;Çukurca Malmüdürlüğü
409;30;HAKKARİ;Şemdinli;Şemdinli Malmüdürlüğü
410;31;HATAY;Antakya;23 Temmuz Vergi Dairesi Müdürlüğü
411;31;HATAY;Antakya;Antakya Vergi Dairesi Müdürlüğü
412;31;HATAY;Antakya;Şükrükanatlı Vergi Dairesi Müdürlüğü
413;31;HATAY;İskenderun;Sahil Vergi Dairesi Müdürlüğü
414;31;HATAY;İskenderun;Akdeniz Vergi Dairesi Müdürlüğü
415;31;HATAY;İskenderun;Asım Gündüz Vergi Dairesi Müdürlüğü
416;31;HATAY;Dörtyol;Dörtyol Vergi Dairesi Müdürlüğü
417;31;HATAY;Kırıkhan;Kırıkhan Vergi Dairesi Müdürlüğü
418;31;HATAY;Reyhanlı;Reyhanlı Vergi Dairesi Müdürlüğü
419;31;HATAY;Samandağ;Samandağ Vergi Dairesi Müdürlüğü
420;31;HATAY;Altınözü;Altınözü Malmüdürlüğü
421;31;HATAY;Hassa;Hassa Malmüdürlüğü
422;31;HATAY;Yayladağı;Yayladağı Malmüdürlüğü
423;31;HATAY;Erzin;Erzin Malmüdürlüğü
424;31;HATAY;Belen;Belen Malmüdürlüğü
425;31;HATAY;Kumlu;Kumlu Malmüdürlüğü
426;32;ISPARTA;Isparta;Davraz Vergi Dairesi Müdürlüğü
427;32;ISPARTA;Isparta;Kaymakkapı Vergi Dairesi Müdürlüğü
428;32;ISPARTA;Eğirdir;Eğirdir Vergi Dairesi Müdürlüğü
429;32;ISPARTA;Yalvaç;Yalvaç Vergi Dairesi Müdürlüğü
430;32;ISPARTA;Atabey;Atabey Malmüdürlüğü
431;32;ISPARTA;Gelendost;Gelendost Malmüdürlüğü
432;32;ISPARTA;Keçiborlu;Keçiborlu Malmüdürlüğü
433;32;ISPARTA;Senirkent;Senirkent Malmüdürlüğü
434;32;ISPARTA;Sütçüler;Sütçüler Malmüdürlüğü
435;32;ISPARTA;Ş.karaağaç;Şarkikaraağaç Malmüdürlüğü
436;32;ISPARTA;Uluborlu;Uluborlu Malmüdürlüğü
437;32;ISPARTA;Aksu;Aksu Malmüdürlüğü
438;32;ISPARTA;Gönen;Gönen Malmüdürlüğü
439;32;ISPARTA;Yenişarbademli;Yenişarbademli Malmüdürlüğü
440;33;MERSİN;Akdeniz;İstiklâl Vergi Dairesi Müdürlüğü
441;33;MERSİN;Akdeniz;Uray Vergi Dairesi Müdürlüğü
442;33;MERSİN;Akdeniz;Liman Vergi Dairesi Müdürlüğü
443;33;MERSİN;Akdeniz;Toros Vergi Dairesi Müdürlüğü
444;33;MERSİN;Erdemli;Erdemli Vergi Dairesi Müdürlüğü
445;33;MERSİN;Silifke;Silifke Vergi Dairesi Müdürlüğü
446;33;MERSİN;Anamur;Anamur Vergi Dairesi Müdürlüğü
447;33;MERSİN;Tarsus;Kızılmurat Vergi Dairesi Müdürlüğü
448;33;MERSİN;Tarsus;Şehitkerim Vergi Dairesi Müdürlüğü
449;33;MERSİN;Gülnar;Gülnar Malmüdürlüğü
450;33;MERSİN;Mut;Mut Malmüdürlüğü
451;33;MERSİN;Aydıncık;Aydıncık Malmüdürlüğü
452;33;MERSİN;Bozyazı;Bozyazı Malmüdürlüğü
453;33;MERSİN;Çamlıyayla;Çamlıyayla Malmüdürlüğü
454;34;İSTANBUL;Fatih;Boğaziçi Kurumlar Vergi Dairesi Müdürlüğü
455;34;İSTANBUL;Fatih;Marmara Kurumlar Vergi Dairesi Müdürlüğü
456;34;İSTANBUL;Fatih;Ulaştırma Vergi Dairesi Müdürlüğü
457;34;İSTANBUL;Fatih;Beyoğlu Vergi Dairesi Müdürlüğü
458;34;İSTANBUL;Fatih;NuruOsmaniye Vergi Dairesi Müdürlüğü
459;34;İSTANBUL;Fatih;Halkalı Vergi Dairesi Müdürlüğü
460;34;İSTANBUL;Fatih;Dış Ticaret Vergi Dairesi Müdürlüğü
461;34;İSTANBUL;Fatih;Anadolu Kurumlar Vergi Dairesi Müdürlüğü
462;34;İSTANBUL;Fatih;Davutpaşa Vergi Dairesi Müdürlüğü
463;34;İSTANBUL;Fatih;Esenler Vergi Dairesi Müdürlüğü
464;34;İSTANBUL;Fatih;Fatih Vergi Dairesi Müdürlüğü
465;34;İSTANBUL;Fatih;Küçükköy Vergi Dairesi Müdürlüğü
466;34;İSTANBUL;Fatih;Laleli Vergi Dairesi Müdürlüğü
467;34;İSTANBUL;Fatih;Merter Vergi Dairesi Müdürlüğü
468;34;İSTANBUL;Fatih;Mevlanakapı Vergi Dairesi Müdürlüğü
469;34;İSTANBUL;Fatih;Rami Vergi Dairesi Müdürlüğü
470;34;İSTANBUL;Fatih;Sultanbeyli Vergi Dairesi Müdürlüğü
471;34;İSTANBUL;Fatih;Süleymaniye Vergi Dairesi Müdürlüğü
472;34;İSTANBUL;Fatih;Tuzla Vergi Dairesi Müdürlüğü
473;34;İSTANBUL;Fatih;Kozyatağı Vergi Dairesi Müdürlüğü
474;34;İSTANBUL;Fatih;Maslak Vergi Dairesi Müdürlüğü
475;34;İSTANBUL;Fatih;Zincirlikuyu Vergi Dairesi Müdürlüğü
476;34;İSTANBUL;Fatih;İkitelli Vergi Dairesi Müdürlüğü
477;34;İSTANBUL;Fatih;Çapa Vergi Dairesi Müdürlüğü
478;34;İSTANBUL;Fatih;Beşiktaş Vergi Dairesi Müdürlüğü
479;34;İSTANBUL;Fatih;Ümraniye Vergi Dairesi Müdürlüğü
480;34;İSTANBUL;Fatih;Yeditepe Veraset ve Harçlar Vergi Dairesi Mü
481;34;İSTANBUL;Fatih;Kasımpaşa Vergi Dairesi Müdürlüğü
482;34;İSTANBUL;Fatih;Erenköy Vergi Dairesi Müdürlüğü
483;34;İSTANBUL;Fatih;Hisar Veraset ve Harçlar Vergi Dairesi Müdür
484;34;İSTANBUL;Fatih;Tuna Vergi Dairesi Müdürlüğü
485;34;İSTANBUL;Fatih;Rıhtım Veraset ve Harçlar Vergi Dairesi Müdü
486;34;İSTANBUL;Fatih;Güngören Vergi Dairesi Müdürlüğü
487;34;İSTANBUL;Fatih;Kocasinan Vergi Dairesi Müdürlüğü
488;34;İSTANBUL;Fatih;Güneşli Vergi Dairesi Müdürlüğü
489;34;İSTANBUL;Fatih;Küçükyalı Vergi Dairesi Müdürlüğü
490;34;İSTANBUL;Fatih;Pendik Vergi Dairesi Müdürlüğü
491;34;İSTANBUL;Fatih;Bayrampaşa Vergi Dairesi Müdürlüğü
492;34;İSTANBUL;Fatih;Beyazıt Vergi Dairesi Müdürlüğü
493;34;İSTANBUL;Fatih;Galata Vergi Dairesi Müdürlüğü
494;34;İSTANBUL;Fatih;Gaziosmanpaşa Vergi Dairesi Müdürlüğü
495;34;İSTANBUL;Fatih;Göztepe Vergi Dairesi Müdürlüğü
496;34;İSTANBUL;Fatih;Hocapaşa Vergi Dairesi Müdürlüğü
497;34;İSTANBUL;Fatih;Kadıköy Vergi Dairesi Müdürlüğü
498;34;İSTANBUL;Fatih;Kocamustafapaşa Vergi Dairesi Müdürlüğü
499;34;İSTANBUL;Fatih;Mecidiyeköy Vergi Dairesi Müdürlüğü
500;34;İSTANBUL;Fatih;Mercan Vergi Dairesi Müdürlüğü
501;34;İSTANBUL;Fatih;Şişli Vergi Dairesi Müdürlüğü
502;34;İSTANBUL;Fatih;Üsküdar Vergi Dairesi Müdürlüğü
503;34;İSTANBUL;Fatih;Kağıthane Vergi Dairesi Müdürlüğü
504;34;İSTANBUL;Fatih;Zeytinburnu Vergi Dairesi Müdürlüğü
505;34;İSTANBUL;Fatih;Beykoz Vergi Dairesi Müdürlüğü
506;34;İSTANBUL;Fatih;Sarıyer Vergi Dairesi Müdürlüğü
507;34;İSTANBUL;Fatih;Bakırköy Vergi Dairesi Müdürlüğü
508;34;İSTANBUL;Fatih;Kartal Vergi Dairesi Müdürlüğü
509;34;İSTANBUL;Fatih;Sultanahmet Vergi Dairesi Müdürlüğü
510;34;İSTANBUL;Fatih;Nakil Vasıtaları Vergi Dairesi Müdürlüğü
511;34;İSTANBUL;Fatih;Sarıgazi Vergi Dairesi Müdürlüğü
512;34;İSTANBUL;Fatih;Atışalanı Vergi Dairesi Müdürlüğü
513;34;İSTANBUL;Fatih;Yakacık Vergi Dairesi Müdürlüğü
514;34;İSTANBUL;Fatih;Yenibosna Vergi Dairesi Müdürlüğü
515;34;İSTANBUL;Fatih;Avcılar Vergi Dairesi Müdürlüğü
516;34;İSTANBUL;Fatih;Küçükçekmece Vergi Dairesi Müdürlüğü
517;34;İSTANBUL;Fatih;Beylikdüzü Vergi Dairesi Müdürlüğü
518;34;İSTANBUL;Fatih;Çatalca Vergi Dairesi Müdürlüğü
519;34;İSTANBUL;Fatih;Adalar Vergi Dairesi Müdürlüğü
520;34;İSTANBUL;Fatih;Silivri Vergi Dairesi Müdürlüğü
521;34;İSTANBUL;Fatih;Büyükçekmece Vergi Dairesi Müdürlüğü
522;34;İSTANBUL;Fatih;Şile Vergi Dairesi Müdürlüğü
523;35;İZMİR;Bornova;Bornova Vergi Dairesi Müdürlüğü
524;35;İZMİR;Bornova;Çakabey Vergi Dairesi Müdürlüğü
525;35;İZMİR;Bornova;Kordon Vergi Dairesi Müdürlüğü
526;35;İZMİR;Bornova;Hasan Tahsin Vergi Dairesi Müdürlüğü
527;35;İZMİR;Bornova;9 Eylül Vergi Dairesi Müdürlüğü
528;35;İZMİR;Bornova;Yamanlar Vergi Dairesi Müdürlüğü
529;35;İZMİR;Bornova;Basmane Vergi Dairesi Müdürlüğü
530;35;İZMİR;Bornova;Karşıyaka Vergi Dairesi Müdürlüğü
531;35;İZMİR;Bornova;Kemeraltı Vergi Dairesi Müdürlüğü
532;35;İZMİR;Bornova;Konak Vergi Dairesi Müdürlüğü
533;35;İZMİR;Bornova;Şirinyer Vergi Dairesi Müdürlüğü
534;35;İZMİR;Bornova;Kadifekale Vergi Dairesi Müdürlüğü
535;35;İZMİR;Bornova;Taşıtlar Vergi Dairesi Müdürlüğü
536;35;İZMİR;Bornova;Belkahve Vergi Dairesi Müdürlüğü
537;35;İZMİR;Bornova;Balçova Vergi Dairesi Müdürlüğü
538;35;İZMİR;Bornova;Gaziemir Vergi Dairesi Müdürlüğü
539;35;İZMİR;Bornova;Ege Vergi Dairesi Müdürlüğü
540;35;İZMİR;Bornova;Çiğli Vergi Dairesi Müdürlüğü
541;35;İZMİR;Bayındır;Bayındır Vergi Dairesi Müdürlüğü
542;35;İZMİR;Bergama;Bergama Vergi Dairesi Müdürlüğü
543;35;İZMİR;Menemen;Menemen Vergi Dairesi Müdürlüğü
544;35;İZMİR;Ödemiş;Ödemiş Vergi Dairesi Müdürlüğü
545;35;İZMİR;Tire;Tire Vergi Dairesi Müdürlüğü
546;35;İZMİR;Torbalı;Torbalı Vergi Dairesi Müdürlüğü
547;35;İZMİR;Kemalpaşa;Kemalpaşa Vergi Dairesi Müdürlüğü
548;35;İZMİR;Urla;Urla Vergi Dairesi Müdürlüğü
549;35;İZMİR;Selçuk;Selçuk Vergi Dairesi Müdürlüğü
550;35;İZMİR;Kınık;Kınık Vergi Dairesi Müdürlüğü
551;35;İZMİR;Kiraz;Kiraz Vergi Dairesi Müdürlüğü
552;35;İZMİR;Çeşme;Çeşme Vergi Dairesi Müdürlüğü
553;35;İZMİR;Aliağa;Aliağa Vergi Dairesi Müdürlüğü
554;35;İZMİR;Menderes;Menderes Vergi Dairesi Müdürlüğü
555;35;İZMİR;Dikili;Dikili Malmüdürlüğü
556;35;İZMİR;Foça;Foça Malmüdürlüğü
557;35;İZMİR;Karaburun;Karaburun Malmüdürlüğü
558;35;İZMİR;Seferihisar;Seferihisar Malmüdürlüğü
559;35;İZMİR;Beydağ;Beydağ Malmüdürlüğü
560;36;KARS;Kars;Kars Vergi Dairesi Müdürlüğü
561;36;KARS;Arpaçay;Arpaçay Malmüdürlüğü
562;36;KARS;Digor;Digor Malmüdürlüğü
563;36;KARS;Kağızman;Kağızman Malmüdürlüğü
564;36;KARS;Sarıkamış;Sarıkamış Malmüdürlüğü
565;36;KARS;Selim;Selim Malmüdürlüğü
566;36;KARS;Susuz;Susuz Malmüdürlüğü
567;36;KARS;Akyaka;Akyaka Malmüdürlüğü
568;37;KASTAMONU;Kastamonu;Kastamonu Vergi Dairesi Müdürlüğü
569;37;KASTAMONU;Tosya;Tosya Vergi Dairesi Müdürlüğü
570;37;KASTAMONU;Taşköprü;Taşköprü Vergi Dairesi Müdürlüğü
571;37;KASTAMONU;Araç;Araç Malmüdürlüğü
572;37;KASTAMONU;Azdavay;Azdavay Malmüdürlüğü
573;37;KASTAMONU;Bozkurt;Bozkurt Malmüdürlüğü
574;37;KASTAMONU;Cide;Cide Malmüdürlüğü
575;37;KASTAMONU;Çatalzeytin;Çatalzeytin Malmüdürlüğü
576;37;KASTAMONU;Daday;Daday Malmüdürlüğü
577;37;KASTAMONU;Devrekani;Devrekani Malmüdürlüğü
578;37;KASTAMONU;İnebolu;İnebolu Malmüdürlüğü
579;37;KASTAMONU;Küre;Küre Malmüdürlüğü
580;37;KASTAMONU;Abana;Abana Malmüdürlüğü
581;37;KASTAMONU;İhsangazi;İhsangazi Malmüdürlüğü
582;37;KASTAMONU;Pınarbaşı;Pınarbaşı Malmüdürlüğü
583;37;KASTAMONU;Şenpazar;Şenpazar Malmüdürlüğü
584;37;KASTAMONU;Ağlı;Ağlı Malmüdürlüğü
585;37;KASTAMONU;Doğanyurt;Doğanyurt Malmüdürlüğü
586;37;KASTAMONU;Hanönü;Hanönü Malmüdürlüğü
587;37;KASTAMONU;Seydiler;Seydiler Malmüdürlüğü
588;38;KAYSERİ;Kayseri;Mimar Sinan Vergi Dairesi Müdürlüğü
589;38;KAYSERİ;Kayseri;Erciyes Vergi Dairesi Müdürlüğü
590;38;KAYSERİ;Kayseri;Kaleönü Vergi Dairesi Müdürlüğü
591;38;KAYSERİ;Kayseri;Gevher Nesibe Vergi Dairesi Müdürlüğü
592;38;KAYSERİ;Develi;Develi Vergi Dairesi Müdürlüğü
593;38;KAYSERİ;Pınarbaşı;Pınarbaşı Vergi Dairesi Müdürlüğü
594;38;KAYSERİ;Bünyan;Bünyan Vergi Dairesi Müdürlüğü
595;38;KAYSERİ;Felahiye;Felahiye Malmüdürlüğü
596;38;KAYSERİ;İncesu;İncesu Malmüdürlüğü
597;38;KAYSERİ;Sarıoğlan;Sarıoğlan Malmüdürlüğü
598;38;KAYSERİ;Sarız;Sarız Malmüdürlüğü
599;38;KAYSERİ;Tomarza;Tomarza Malmüdürlüğü
600;38;KAYSERİ;Yahyalı;Yahyalı Malmüdürlüğü
601;38;KAYSERİ;Yeşilhisar;Yeşilhisar Malmüdürlüğü
602;38;KAYSERİ;Akkışla;Akkışla Malmüdürlüğü
603;38;KAYSERİ;Kayseri;Hacılar Malmüdürlüğü
604;38;KAYSERİ;Özvatan;Özvatan Malmüdürlüğü
605;39;KIRKLARELİ;Kırklareli;Kırklareli Vergi Dairesi Müdürlüğü
606;39;KIRKLARELİ;Lüleburgaz;Lüleburgaz Vergi Dairesi Müdürlüğü
607;39;KIRKLARELİ;Babaeski;Babaeski Vergi Dairesi Müdürlüğü
608;39;KIRKLARELİ;Demirköy;Demirköy Malmüdürlüğü
609;39;KIRKLARELİ;Kofçaz;Kofçaz Malmüdürlüğü
610;39;KIRKLARELİ;PehliVanköy;PehliVanköy Malmüdürlüğü
611;39;KIRKLARELİ;Pınarhisar;Pınarhisar Malmüdürlüğü
612;39;KIRKLARELİ;Vize;Vize Malmüdürlüğü
613;40;KIRŞEHİR;Kırşehir;Kırşehir Vergi Dairesi Müdürlüğü
614;40;KIRŞEHİR;Kaman;Kaman Vergi Dairesi Müdürlüğü
615;40;KIRŞEHİR;Çiçekdağı;Çiçekdağı Malmüdürlüğü
616;40;KIRŞEHİR;Mucur;Mucur Malmüdürlüğü
617;40;KIRŞEHİR;Akpınar;Akpınar Malmüdürlüğü
618;40;KIRŞEHİR;Akçakent;Akçakent Malmüdürlüğü
619;40;KIRŞEHİR;Boztepe;Boztepe Malmüdürlüğü
620;41;KOCAELİ;Kocaeli;Tepecik Vergi Dairesi Müdürlüğü
621;41;KOCAELİ;Kocaeli;Alemdar Vergi Dairesi Müdürlüğü
622;41;KOCAELİ;Kocaeli;Acısu Vergi Dairesi Müdürlüğü
623;41;KOCAELİ;Kocaeli;Uluçınar Vergi Dairesi Müdürlüğü
624;41;KOCAELİ;Kocaeli;İlyasbey Vergi Dairesi Müdürlüğü
625;41;KOCAELİ;Kocaeli;Gölcük Vergi Dairesi Müdürlüğü
626;41;KOCAELİ;Kocaeli;Karamürsel Vergi Dairesi Müdürlüğü
627;41;KOCAELİ;Kocaeli;Körfez Vergi Dairesi Müdürlüğü
628;41;KOCAELİ;Kocaeli;Derince Vergi Dairesi Müdürlüğü
629;41;KOCAELİ;Kocaeli;Kandıra Malmüdürlüğü
630;42;KONYA;Konya;Selçuk Vergi Dairesi Müdürlüğü
631;42;KONYA;Konya;Mevlana Vergi Dairesi Müdürlüğü
632;42;KONYA;Konya;Meram Vergi Dairesi Müdürlüğü
633;42;KONYA;Konya;Alaaddin Vergi Dairesi Müdürlüğü
634;42;KONYA;Akşehir;Akşehir Vergi Dairesi Müdürlüğü
635;42;KONYA;Ereğli;Ereğli Vergi Dairesi Müdürlüğü
636;42;KONYA;Beyşehir;Beyşehir Vergi Dairesi Müdürlüğü
637;42;KONYA;Cihanbeyli;Cihanbeyli Vergi Dairesi Müdürlüğü
638;42;KONYA;Çumra;Çumra Vergi Dairesi Müdürlüğü
639;42;KONYA;Seydişehir;Seydişehir Vergi Dairesi Müdürlüğü
640;42;KONYA;Ilgın;Ilgın Vergi Dairesi Müdürlüğü
641;42;KONYA;Kulu;Kulu Vergi Dairesi Müdürlüğü
642;42;KONYA;Bozkır;Bozkır Malmüdürlüğü
643;42;KONYA;Doğanhisar;Doğanhisar Malmüdürlüğü
644;42;KONYA;Hadim;Hadim Malmüdürlüğü
645;42;KONYA;Kadınhanı;Kadınhanı Malmüdürlüğü
646;42;KONYA;Karapınar;Karapınar Malmüdürlüğü
647;42;KONYA;Sarayönü;Sarayönü Malmüdürlüğü
648;42;KONYA;Yunak;Yunak Malmüdürlüğü
649;42;KONYA;Akören;Akören Malmüdürlüğü
650;42;KONYA;Altınekin;Altınekin Malmüdürlüğü
651;42;KONYA;Derebucak;Derebucak Malmüdürlüğü
652;42;KONYA;Hüyük;Hüyük Malmüdürlüğü
653;42;KONYA;Taşkent;Taşkent Malmüdürlüğü
654;42;KONYA;Emirgazi;Emirgazi Malmüdürlüğü
655;42;KONYA;Güneysınır;Güneysınır Malmüdürlüğü
656;42;KONYA;Halkapınar;Halkapınar Malmüdürlüğü
657;42;KONYA;Tuzlukçu;Tuzlukçu Malmüdürlüğü
658;42;KONYA;Ahırlı;Ahırlı Malmüdürlüğü
659;42;KONYA;Çeltik;Çeltik Malmüdürlüğü
660;42;KONYA;Derbent;Derbent Malmüdürlüğü
661;42;KONYA;Yalıhüyük;Yalıhüyük Malmüdürlüğü
662;43;KÜTAHYA;Kütahya;30 Ağustos Vergi Dairesi Müdürlüğü
663;43;KÜTAHYA;Kütahya;Çinili Vergi Dairesi Müdürlüğü
664;43;KÜTAHYA;Gediz;Gediz Vergi Dairesi Müdürlüğü
665;43;KÜTAHYA;Simav;Simav Vergi Dairesi Müdürlüğü
666;43;KÜTAHYA;Tavşanlı;Tavşanlı Vergi Dairesi Müdürlüğü
667;43;KÜTAHYA;Emet;Emet Vergi Dairesi Müdürlüğü
668;43;KÜTAHYA;Altıntaş;Altıntaş Malmüdürlüğü
669;43;KÜTAHYA;Domaniç;Domaniç Malmüdürlüğü
670;43;KÜTAHYA;Aslanapa;Aslanapa Malmüdürlüğü
671;43;KÜTAHYA;Dumlupınar;Dumlupınar Malmüdürlüğü
672;43;KÜTAHYA;Hisarcık;Hisarcık Malmüdürlüğü
673;43;KÜTAHYA;Şaphane;Şaphane Malmüdürlüğü
674;43;KÜTAHYA;Çavdarhisar;Çavdarhisar Malmüdürlüğü
675;43;KÜTAHYA;Pazarlar;Pazarlar Malmüdürlüğü
676;44;MALATYA;Malatya;Fırat Vergi Dairesi Müdürlüğü
677;44;MALATYA;Malatya;Beydağı Vergi Dairesi Müdürlüğü
678;44;MALATYA;Akçadağ;Akçadağ Malmüdürlüğü
679;44;MALATYA;Arapgir;Arapgir Malmüdürlüğü
680;44;MALATYA;ArguVan;ArguVan Malmüdürlüğü
681;44;MALATYA;Darende;Darende Malmüdürlüğü
682;44;MALATYA;Doğanşehir;Doğanşehir Malmüdürlüğü
683;44;MALATYA;Hekimhan;Hekimhan Malmüdürlüğü
684;44;MALATYA;Pütürge;Pütürge Malmüdürlüğü
685;44;MALATYA;Yeşilyurt;Yeşilyurt Malmüdürlüğü
686;44;MALATYA;Battalgazi;Battalgazi Malmüdürlüğü
687;44;MALATYA;Doğanyol;Doğanyol Malmüdürlüğü
688;44;MALATYA;Kale;Kale Malmüdürlüğü
689;44;MALATYA;Kuluncak;Kuluncak Malmüdürlüğü
690;44;MALATYA;Yazıhan;Yazıhan Malmüdürlüğü
691;45;MANİSA;Manisa;Alaybey Vergi Dairesi Müdürlüğü
692;45;MANİSA;Manisa;Mesir Vergi Dairesi Müdürlüğü
693;45;MANİSA;Akhisar;Akhisar Vergi Dairesi Müdürlüğü
694;45;MANİSA;Alaşehir;Alaşehir Vergi Dairesi Müdürlüğü
695;45;MANİSA;Demirci;Demirci Vergi Dairesi Müdürlüğü
696;45;MANİSA;Kırkağaç;Kırkağaç Vergi Dairesi Müdürlüğü
697;45;MANİSA;Salihli;Salihli Adil Oral Vergi Dairesi Müdürlüğü
698;45;MANİSA;Sarıgöl;Sarıgöl Vergi Dairesi Müdürlüğü
699;45;MANİSA;Saruhanlı;Saruhanlı Vergi Dairesi Müdürlüğü
700;45;MANİSA;Soma;Soma Vergi Dairesi Müdürlüğü
701;45;MANİSA;Turgutlu;Turgutlu Vergi Dairesi Müdürlüğü
702;45;MANİSA;Gördes;Gördes Vergi Dairesi Müdürlüğü
703;45;MANİSA;Kula;Kula Vergi Dairesi Müdürlüğü
704;45;MANİSA;Selendi;Selendi Malmüdürlüğü
705;45;MANİSA;Ahmetli;Ahmetli Malmüdürlüğü
706;45;MANİSA;Gölmarmara;Gölmarmara Malmüdürlüğü
707;45;MANİSA;Köprübaşı;Köprübaşı Malmüdürlüğü
708;46;KAHRAMANMARAŞ;Aksu;Aslanbey Vergi Dairesi Müdürlüğü
709;46;KAHRAMANMARAŞ;Aksu;Aksu Vergi Dairesi Müdürlüğü
710;46;KAHRAMANMARAŞ;Elbistan;Elbistan Vergi Dairesi Müdürlüğü
711;46;KAHRAMANMARAŞ;Afşin;Afşin Vergi Dairesi Müdürlüğü
712;46;KAHRAMANMARAŞ;Pazarcık;Pazarcık Vergi Dairesi Müdürlüğü
713;46;KAHRAMANMARAŞ;Andırın;Andırın Malmüdürlüğü
714;46;KAHRAMANMARAŞ;Göksun;Göksun Malmüdürlüğü
715;46;KAHRAMANMARAŞ;Türkoğlu;Türkoğlu Malmüdürlüğü
716;46;KAHRAMANMARAŞ;Çağlayancerit;Çağlayancerit Malmüdürlüğü
717;46;KAHRAMANMARAŞ;Ekinözü;Ekinözü Malmüdürlüğü
718;46;KAHRAMANMARAŞ;Nurhak;Nurhak Malmüdürlüğü
719;47;MARDİN;Mardin;Mardin Vergi Dairesi Müdürlüğü
720;47;MARDİN;Kızıltepe;Kızıltepe Vergi Dairesi Müdürlüğü
721;47;MARDİN;Nusaybin;Nusaybin Vergi Dairesi Müdürlüğü
722;47;MARDİN;Derik;Derik Malmüdürlüğü
723;47;MARDİN;Mazıdağı;Mazıdağı Malmüdürlüğü
724;47;MARDİN;Midyat;Midyat Malmüdürlüğü
725;47;MARDİN;Ömerli;Ömerli Malmüdürlüğü
726;47;MARDİN;Savur;Savur Malmüdürlüğü
727;47;MARDİN;Dargeçit;Dargeçit Malmüdürlüğü
728;47;MARDİN;Yeşilli;Yeşilli Malmüdürlüğü
729;48;MUĞLA;Muğla;Muğla Vergi Dairesi Müdürlüğü
730;48;MUĞLA;Bodrum;Bodrum Vergi Dairesi Müdürlüğü
731;48;MUĞLA;Fethiye;Fethiye Vergi Dairesi Müdürlüğü
732;48;MUĞLA;Köyceğiz;Köyceğiz Vergi Dairesi Müdürlüğü
733;48;MUĞLA;Milas;Milas Vergi Dairesi Müdürlüğü
734;48;MUĞLA;Marmaris;Marmaris Vergi Dairesi Müdürlüğü
735;48;MUĞLA;Yatağan;Yatağan Vergi Dairesi Müdürlüğü
736;48;MUĞLA;Datça;Datça Malmüdürlüğü
737;48;MUĞLA;Ula;Ula Malmüdürlüğü
738;48;MUĞLA;Dalaman;Dalaman Malmüdürlüğü
739;48;MUĞLA;Ortaca;Ortaca Malmüdürlüğü
740;48;MUĞLA;Kavaklıdere;Kavaklıdere Malmüdürlüğü
741;49;MUŞ;Muş;Muş Vergi Dairesi Müdürlüğü
742;49;MUŞ;Bulanık;Bulanık Malmüdürlüğü
743;49;MUŞ;Malazgirt;Malazgirt Malmüdürlüğü
744;49;MUŞ;Varto;Varto Malmüdürlüğü
745;49;MUŞ;Hasköy;Hasköy Malmüdürlüğü
746;49;MUŞ;Korkut;Korkut Malmüdürlüğü
747;50;NEVŞEHİR;Nevşehir;Nevşehir Vergi Dairesi Müdürlüğü
748;50;NEVŞEHİR;AVanos;AVanos Malmüdürlüğü
749;50;NEVŞEHİR;Derinkuyu;Derinkuyu Malmüdürlüğü
750;50;NEVŞEHİR;Gülşehir;Gülşehir Malmüdürlüğü
751;50;NEVŞEHİR;Hacıbektaş;Hacıbektaş Malmüdürlüğü
752;50;NEVŞEHİR;Kozaklı;Kozaklı Malmüdürlüğü
753;50;NEVŞEHİR;Ürgüp;Ürgüp Malmüdürlüğü
754;50;NEVŞEHİR;Acıgöl;Acıgöl Malmüdürlüğü
755;51;NİĞDE;Niğde;Niğde Vergi Dairesi Müdürlüğü
756;51;NİĞDE;Bor;Bor Vergi Dairesi Müdürlüğü
757;51;NİĞDE;Çamardı;Çamardı Malmüdürlüğü
758;51;NİĞDE;Ulukışla;Ulukışla Malmüdürlüğü
759;51;NİĞDE;Altunhisar;Altunhisar Malmüdürlüğü
760;51;NİĞDE;Çiftlik;Çiftlik Malmüdürlüğü
761;52;ORDU;Ordu;Boztepe Vergi Dairesi Müdürlüğü
762;52;ORDU;Ordu;Köprübaşı Vergi Dairesi Müdürlüğü
763;52;ORDU;Fatsa;Fatsa Vergi Dairesi Müdürlüğü
764;52;ORDU;Ünye;Ünye Vergi Dairesi Müdürlüğü
765;52;ORDU;Akkuş;Akkuş Malmüdürlüğü
766;52;ORDU;Aybastı;Aybastı Malmüdürlüğü
767;52;ORDU;Gölköy;Gölköy Malmüdürlüğü
768;52;ORDU;Korgan;Korgan Malmüdürlüğü
769;52;ORDU;Kumru;Kumru Malmüdürlüğü
770;52;ORDU;Mesudiye;Mesudiye Malmüdürlüğü
771;52;ORDU;Perşembe;Perşembe Malmüdürlüğü
772;52;ORDU;Ulubey;Ulubey Malmüdürlüğü
773;52;ORDU;Gülyalı;Gülyalı Malmüdürlüğü
774;52;ORDU;Gürgentepe;Gürgentepe Malmüdürlüğü
775;52;ORDU;Çamaş;Çamaş Malmüdürlüğü
776;52;ORDU;Çatalpınar;Çatalpınar Malmüdürlüğü
777;52;ORDU;Çaybaşı;Çaybaşı Malmüdürlüğü
778;52;ORDU;İkizce;İkizce Malmüdürlüğü
779;52;ORDU;Kabadüz;Kabadüz Malmüdürlüğü
780;52;ORDU;Kabataş;Kabataş Malmüdürlüğü
781;53;RİZE;Rize;Kaçkar Vergi Dairesi Müdürlüğü
782;53;RİZE;Rize;Yeşilçay Vergi Dairesi Müdürlüğü
783;53;RİZE;Çayeli;Çayeli Vergi Dairesi Müdürlüğü
784;53;RİZE;Pazar;Pazar Vergi Dairesi Müdürlüğü
785;53;RİZE;Ardeşen;Ardeşen Vergi Dairesi Müdürlüğü
786;53;RİZE;Çamlıhemşin;Çamlıhemşin Malmüdürlüğü
787;53;RİZE;Fındıklı;Fındıklı Malmüdürlüğü
788;53;RİZE;İkizdere;İkizdere Malmüdürlüğü
789;53;RİZE;Kalkandere;Kalkandere Malmüdürlüğü
790;53;RİZE;Güneysu;Güneysu Malmüdürlüğü
791;53;RİZE;Derepazarı;Derepazarı Malmüdürlüğü
792;53;RİZE;Hemşin;Hemşin Malmüdürlüğü
793;53;RİZE;İyidere;İyidere Malmüdürlüğü
794;54;SAKARYA;Akyazı;Gümrükönü Vergi Dairesi Müdürlüğü
795;54;SAKARYA;Akyazı;Ali Fuat Cebesoy Vergi Dairesi Müdürlüğü
796;54;SAKARYA;Akyazı;Akyazı Vergi Dairesi Müdürlüğü
797;54;SAKARYA;Geyve;Geyve Vergi Dairesi Müdürlüğü
798;54;SAKARYA;Hendek;Hendek Vergi Dairesi Müdürlüğü
799;54;SAKARYA;Karasu;Karasu Vergi Dairesi Müdürlüğü
800;54;SAKARYA;Kaynarca;Kaynarca Malmüdürlüğü
801;54;SAKARYA;Sapanca;Sapanca Malmüdürlüğü
802;54;SAKARYA;Kocaali;Kocaali Malmüdürlüğü
803;54;SAKARYA;Pamukova;Pamukova Malmüdürlüğü
804;54;SAKARYA;Taraklı;Taraklı Malmüdürlüğü
805;54;SAKARYA;Samsun;Karapürçek Malmüdürlüğü
806;55;SAMSUN;Samsun;19 Mayıs Vergi Dairesi Müdürlüğü
807;55;SAMSUN;Samsun;Gaziler Vergi Dairesi Müdürlüğü
808;55;SAMSUN;Samsun;Zafer Vergi Dairesi Müdürlüğü
809;55;SAMSUN;Bafra;Bafra Vergi Dairesi Müdürlüğü
810;55;SAMSUN;Çarşamba;Çarşamba Vergi Dairesi Müdürlüğü
811;55;SAMSUN;Terme;Terme Vergi Dairesi Müdürlüğü
812;55;SAMSUN;Havza;Havza Vergi Dairesi Müdürlüğü
813;55;SAMSUN;Alaçam;Alaçam Malmüdürlüğü
814;55;SAMSUN;Kavak;Kavak Malmüdürlüğü
815;55;SAMSUN;Ladik;Ladik Malmüdürlüğü
816;55;SAMSUN;Vezirköprü;Vezirköprü Malmüdürlüğü
817;55;SAMSUN;Asarcık;Asarcık Malmüdürlüğü
818;55;SAMSUN;Ondokuz Mayıs;Ondokuz Mayıs Malmüdürlüğü
819;55;SAMSUN;Salıpazarı;Salıpazarı Malmüdürlüğü
820;55;SAMSUN;Samsun;Tekkeköy Malmüdürlüğü
821;55;SAMSUN;Ayvacık;Ayvacık Malmüdürlüğü
822;55;SAMSUN;Yakakent;Yakakent Malmüdürlüğü
823;56;SİİRT;Siirt;Siirt Vergi Dairesi Müdürlüğü
824;56;SİİRT;Baykan;Baykan Malmüdürlüğü
825;56;SİİRT;Eruh;Eruh Malmüdürlüğü
826;56;SİİRT;Kurtalan;Kurtalan Malmüdürlüğü
827;56;SİİRT;Pervari;Pervari Malmüdürlüğü
828;56;SİİRT;ŞirVan;ŞirVan Malmüdürlüğü
829;57;Sinop;Sinop;Sinop Vergi Dairesi Müdürlüğü
830;57;Sinop;Boyabat;Boyabat Vergi Dairesi Müdürlüğü
831;57;Sinop;Ayancık;Ayancık Malmüdürlüğü
832;57;Sinop;Durağan;Durağan Malmüdürlüğü
833;57;Sinop;Erfelek;Erfelek Malmüdürlüğü
834;57;Sinop;Gerze;Gerze Malmüdürlüğü
835;57;Sinop;Türkeli;Türkeli Malmüdürlüğü
836;57;Sinop;Dikmen;Dikmen Malmüdürlüğü
837;57;Sinop;Saraydüzü;Saraydüzü Malmüdürlüğü
838;58;Sivas;Sivas;Kale Vergi Dairesi Müdürlüğü
839;58;Sivas;Sivas;Site Vergi Dairesi Müdürlüğü
840;58;Sivas;Şarkışla;Şarkışla Vergi Dairesi Müdürlüğü
841;58;Sivas;Divriği;Divriği Malmüdürlüğü
842;58;Sivas;Gemerek;Gemerek Malmüdürlüğü
843;58;Sivas;Gürün;Gürün Malmüdürlüğü
844;58;Sivas;Hafik;Hafik Malmüdürlüğü
845;58;Sivas;İmranlı;İmranlı Malmüdürlüğü
846;58;Sivas;Kangal;Kangal Malmüdürlüğü
847;58;Sivas;Koyulhisar;Koyulhisar Malmüdürlüğü
848;58;Sivas;Suşehri;Suşehri Malmüdürlüğü
849;58;Sivas;Yıldızeli;Yıldızeli Malmüdürlüğü
850;58;Sivas;Zara;Zara Malmüdürlüğü
851;58;Sivas;Akıncılar;Akıncılar Malmüdürlüğü
852;58;Sivas;Altınyayla;Altınyayla Malmüdürlüğü
853;58;Sivas;Doğanşar;Doğanşar Malmüdürlüğü
854;58;Sivas;Gölova;Gölova Malmüdürlüğü
855;58;Sivas;Ulaş;Ulaş Malmüdürlüğü
856;59;Tekirdağ;Tekirdağ;Süleymanpaşa Vergi Dairesi Müdürlüğü
857;59;Tekirdağ;Tekirdağ;Namık Kemal Vergi Dairesi Müdürlüğü
858;59;Tekirdağ;Çerkezköy;Çerkezköy Vergi Dairesi Müdürlüğü
859;59;Tekirdağ;Çorlu;Çorlu Vergi Dairesi Müdürlüğü
860;59;Tekirdağ;Hayrabolu;Hayrabolu Vergi Dairesi Müdürlüğü
861;59;Tekirdağ;Malkara;Malkara Vergi Dairesi Müdürlüğü
862;59;Tekirdağ;Muratlı;Muratlı Vergi Dairesi Müdürlüğü
863;59;Tekirdağ;Saray;Saray Malmüdürlüğü
864;59;Tekirdağ;Şarköy;Şarköy Malmüdürlüğü
865;59;Tekirdağ;Marmara Ereğlisi;Marmara Ereğlisi Malmüdürlüğü
866;60;Tokat;Tokat;Tokat Vergi Dairesi Müdürlüğü
867;60;Tokat;Erbaa;Erbaa Vergi Dairesi Müdürlüğü
868;60;Tokat;Niksar;Niksar Vergi Dairesi Müdürlüğü
869;60;Tokat;Turhal;Turhal Vergi Dairesi Müdürlüğü
870;60;Tokat;Zile;Zile Vergi Dairesi Müdürlüğü
871;60;Tokat;Almus;Almus Malmüdürlüğü
872;60;Tokat;Artova;Artova Malmüdürlüğü
873;60;Tokat;Reşadiye;Reşadiye Malmüdürlüğü
874;60;Tokat;Pazar;Pazar Malmüdürlüğü
875;60;Tokat;Yeşilyurt;Yeşilyurt Malmüdürlüğü
876;60;Tokat;Başçiftlik;Başçiftlik Malmüdürlüğü
877;60;Tokat;Sulusaray;Sulusaray Malmüdürlüğü
878;61;Trabzon;Trabzon;Hızırbey Vergi Dairesi Müdürlüğü
879;61;Trabzon;Trabzon;Karadeniz Vergi Dairesi Müdürlüğü
880;61;Trabzon;Akçaabat;Akçaabat Vergi Dairesi Müdürlüğü
881;61;Trabzon;Of;Of Vergi Dairesi Müdürlüğü
882;61;Trabzon;Vakfıkebir;Vakfıkebir Vergi Dairesi Müdürlüğü
883;61;Trabzon;Araklı;Araklı Malmüdürlüğü
884;61;Trabzon;Arsin;Arsin Malmüdürlüğü
885;61;Trabzon;Çaykara;Çaykara Malmüdürlüğü
886;61;Trabzon;Maçka;Maçka Malmüdürlüğü
887;61;Trabzon;Sürmene;Sürmene Malmüdürlüğü
888;61;Trabzon;Tonya;Tonya Malmüdürlüğü
889;61;Trabzon;Yomra;Yomra Malmüdürlüğü
890;61;Trabzon;Beşikdüzü;Beşikdüzü Malmüdürlüğü
891;61;Trabzon;Şalpazarı;Şalpazarı Malmüdürlüğü
892;61;Trabzon;Çarşıbaşı;Çarşıbaşı Malmüdürlüğü
893;61;Trabzon;Dernekpazarı;Dernekpazarı Malmüdürlüğü
894;61;Trabzon;Düzköy;Düzköy Malmüdürlüğü
895;61;Trabzon;Hayrat;Hayrat Malmüdürlüğü
896;61;Trabzon;Köprübaşı;Köprübaşı Malmüdürlüğü
897;62;Tunceli;Tunceli;Tunceli Vergi Dairesi Müdürlüğü
898;62;Tunceli;Çemişgezek;Çemişgezek Malmüdürlüğü
899;62;Tunceli;Hozat;Hozat Malmüdürlüğü
900;62;Tunceli;Mazgirt;Mazgirt Malmüdürlüğü
901;62;Tunceli;Nazimiye;Nazimiye Malmüdürlüğü
902;62;Tunceli;Ovacık;Ovacık Malmüdürlüğü
903;62;Tunceli;Pertek;Pertek Malmüdürlüğü
904;62;Tunceli;Pülümür;Pülümür Malmüdürlüğü
905;63;Şanlı Urfa;Şanlı Urfa;Şehitlik Vergi Dairesi Müdürlüğü
906;63;Şanlı Urfa;Şanlı Urfa;Topçu Meydanı Vergi Dairesi Müdürlüğü
907;63;Şanlı Urfa;Siverek;Siverek Vergi Dairesi Müdürlüğü
908;63;Şanlı Urfa;Viranşehir;Viranşehir Vergi Dairesi Müdürlüğü
909;63;Şanlı Urfa;Birecik;Birecik Vergi Dairesi Müdürlüğü
910;63;Şanlı Urfa;Akçakale;Akçakale Malmüdürlüğü
911;63;Şanlı Urfa;Bozova;Bozova Malmüdürlüğü
912;63;Şanlı Urfa;Halfeti;Halfeti Malmüdürlüğü
913;63;Şanlı Urfa;HilVan;HilVan Malmüdürlüğü
914;63;Şanlı Urfa;Suruç;Suruç Malmüdürlüğü
915;63;Şanlı Urfa;Ceylanpınar;Ceylanpınar Malmüdürlüğü
916;63;Şanlı Urfa;Harran;Harran Malmüdürlüğü
917;64;Uşak;Uşak;Uşak Vergi Dairesi Müdürlüğü
918;64;Uşak;Banaz;Banaz Vergi Dairesi Müdürlüğü
919;64;Uşak;Eşme;Eşme Vergi Dairesi Müdürlüğü
920;64;Uşak;Karahallı;Karahallı Malmüdürlüğü
921;64;Uşak;Ulubey;Ulubey Malmüdürlüğü
922;64;Uşak;Sivaslı;Sivaslı Malmüdürlüğü
923;65;Van;Van;Van Vergi Dairesi Müdürlüğü
924;65;Van;Erciş;Erciş Vergi Dairesi Müdürlüğü
925;65;Van;Başkale;Başkale Malmüdürlüğü
926;65;Van;Çatak;Çatak Malmüdürlüğü
927;65;Van;Gevaş;Gevaş Malmüdürlüğü
928;65;Van;Gürpınar;Gürpınar Malmüdürlüğü
929;65;Van;Muradiye;Muradiye Malmüdürlüğü
930;65;Van;Özalp;Özalp Malmüdürlüğü
931;65;Van;Bahçesaray;Bahçesaray Malmüdürlüğü
932;65;Van;Çaldıran;Çaldıran Malmüdürlüğü
933;65;Van;Edremit;Edremit Malmüdürlüğü
934;65;Van;Saray;Saray Malmüdürlüğü
935;66;Yozgat;Yozgat;Yozgat Vergi Dairesi Müdürlüğü
936;66;Yozgat;Boğazlıyan;Boğazlıyan Vergi Dairesi Müdürlüğü
937;66;Yozgat;Sorgun;Sorgun Vergi Dairesi Müdürlüğü
938;66;Yozgat;Yerköy;Yerköy Vergi Dairesi Müdürlüğü
939;66;Yozgat;Akdağmadeni;Akdağmadeni Malmüdürlüğü
940;66;Yozgat;Çayıralan;Çayıralan Malmüdürlüğü
941;66;Yozgat;Çekerek;Çekerek Malmüdürlüğü
942;66;Yozgat;Sarıkaya;Sarıkaya Malmüdürlüğü
943;66;Yozgat;Şefaatli;Şefaatli Malmüdürlüğü
944;66;Yozgat;Aydıncık;Aydıncık Malmüdürlüğü
945;66;Yozgat;Çandır;Çandır Malmüdürlüğü
946;66;Yozgat;Kadışehri;Kadışehri Malmüdürlüğü
947;66;Yozgat;Saraykent;Saraykent Malmüdürlüğü
948;66;Yozgat;Yenifakılı;Yenifakılı Malmüdürlüğü
949;67;Zonguldak;Zonguldak;Uzunmehmet Vergi Dairesi Müdürlüğü
950;67;Zonguldak;Zonguldak;Kara Elmas Vergi Dairesi Müdürlüğü
951;67;Zonguldak;Ereğli;Ereğli Vergi Dairesi Müdürlüğü
952;67;Zonguldak;Çaycuma;Çaycuma Vergi Dairesi Müdürlüğü
953;67;Zonguldak;Devrek;Devrek Vergi Dairesi Müdürlüğü
954;67;Zonguldak;Alaplı;Alaplı Malmüdürlüğü
955;67;Zonguldak;Gökçebey;Gökçebey Malmüdürlüğü
956;68;AKSARAY;Aksaray;Aksaray Vergi Dairesi Müdürlüğü
957;68;AKSARAY;Ağaçören;Ağaçören Malmüdürlüğü
958;68;AKSARAY;Güzelyurt;Güzelyurt Malmüdürlüğü
959;68;AKSARAY;Ortaköy;Ortaköy Malmüdürlüğü
960;68;AKSARAY;Sarıyahşi;Sarıyahşi Malmüdürlüğü
961;68;AKSARAY;Eskil;Eskil Malmüdürlüğü
962;68;AKSARAY;Gülağaç;Gülağaç Malmüdürlüğü
963;69;BAYBURT;Bayburt;Bayburt Vergi Dairesi Müdürlüğü
964;69;BAYBURT;Aydıntepe;Aydıntepe Malmüdürlüğü
965;69;BAYBURT;Demirözü;Demirözü Malmüdürlüğü
966;70;Karaman;Karaman;Karaman Vergi Dairesi Müdürlüğü
967;70;Karaman;Ayrancı;Ayrancı Malmüdürlüğü
968;70;Karaman;Ermenek;Ermenek Malmüdürlüğü
969;70;Karaman;Kazım Karabekir;Kazım Karabekir Malmüdürlüğü
970;70;Karaman;Başyayla;Başyayla Malmüdürlüğü
971;70;Karaman;Sarıveliler;Sarıveliler Malmüdürlüğü
972;71;Kırıkkale;Kırıkkale;Irmak Vergi Dairesi Müdürlüğü
973;71;Kırıkkale;Kırıkkale;Kaletepe Vergi Dairesi Müdürlüğü
974;71;Kırıkkale;Delice;Delice Malmüdürlüğü
975;71;Kırıkkale;Keskin;Keskin Malmüdürlüğü
976;71;Kırıkkale;Sulakyurt;Sulakyurt Malmüdürlüğü
977;71;Kırıkkale;Balışeyh;Balışeyh Malmüdürlüğü
978;71;Kırıkkale;Çelebi;Çelebi Malmüdürlüğü
979;71;Kırıkkale;Karakeçili;Karakeçili Malmüdürlüğü
980;72;Batman;Batman;Batman Vergi Dairesi Müdürlüğü
981;72;Batman;Beşiri;Beşiri Malmüdürlüğü
982;72;Batman;Gercüş;Gercüş Malmüdürlüğü
983;72;Batman;Hasankeyf;Hasankeyf Malmüdürlüğü
984;72;Batman;Kozluk;Kozluk Malmüdürlüğü
985;72;Batman;Sason;Sason Malmüdürlüğü
986;73;Şırnak;Şırnak;Şırnak Vergi Dairesi Müdürlüğü
987;73;Şırnak;Cizre;Cizre Vergi Dairesi Müdürlüğü
988;73;Şırnak;Silopi;Silopi Vergi Dairesi Müdürlüğü
989;73;Şırnak;Beytüşşebap;Beytüşşebap Malmüdürlüğü
990;73;Şırnak;Güçlükonak;Güçlükonak Malmüdürlüğü
991;73;Şırnak;İdil;İdil Malmüdürlüğü
992;73;Şırnak;Uludere;Uludere Malmüdürlüğü
993;74;Bartın;Bartın;Bartın Vergi Dairesi Müdürlüğü
994;74;Bartın;Amasra;Amasra Malmüdürlüğü
995;74;Bartın;Kurucaşile;Kurucaşile Malmüdürlüğü
996;74;Bartın;Ulus;Ulus Malmüdürlüğü
997;75;Ardahan;Ardahan;Ardahan Vergi Dairesi Müdürlüğü
998;75;Ardahan;Çıldır;Çıldır Malmüdürlüğü
999;75;Ardahan;Damal;Damal Malmüdürlüğü
1000;75;Ardahan;Göle;Göle Malmüdürlüğü
1001;75;Ardahan;Hanak;Hanak Malmüdürlüğü
1002;75;Ardahan;Posof;Posof Malmüdürlüğü
1003;76;Iğdır;Iğdır;Iğdır Vergi Dairesi Müdürlüğü
1004;76;Iğdır;Aralık;Aralık Malmüdürlüğü
1005;76;Iğdır;Karakoyunlu;Karakoyunlu Malmüdürlüğü
1006;76;Iğdır;Tuzluca;Tuzluca Malmüdürlüğü
1007;77;Yalova;Yalova;Yalova Vergi Dairesi Müdürlüğü
1008;77;Yalova;Altınova;Altınova Malmüdürlüğü
1009;77;Yalova;Armutlu;Armutlu Malmüdürlüğü
1010;77;Yalova;Çınarcık;Çınarcık Malmüdürlüğü
1011;78;Karabük;Karabük;Karabük Vergi Dairesi Müdürlüğü
1012;78;Karabük;Safranbolu;Safranbolu Vergi Dairesi Müdürlüğü
1013;78;Karabük;Eflani;Eflani Malmüdürlüğü
1014;78;Karabük;Eskipazar;Eskipazar Malmüdürlüğü
1015;78;Karabük;Ovacık;Ovacık Malmüdürlüğü
1016;78;Karabük;Yenice;Yenice Malmüdürlüğü
1017;79;Kilis;Kilis;Kilis Vergi Dairesi Müdürlüğü
1018;80;Osmaniye;Osmaniye;Osmaniye Vergi Dairesi Müdürlüğü
1019;80;Osmaniye;Kadirli;Kadirli Vergi Dairesi Müdürlüğü
1020;80;Osmaniye;Bahçe;Bahçe Malmüdürlüğü
1021;80;Osmaniye;Düziçi;Düziçi Malmüdürlüğü
1022;80;Osmaniye;Hasanbeyli;Hasanbeyli Malmüdürlüğü
1023;80;Osmaniye;Sumbas;Sumbas Malmüdürlüğü
1024;80;Osmaniye;Toprakkale;Toprakkale Malmüdürlüğü
1025;81;Düzce;Düzce;Düzce Vergi Dairesi Müdürlüğü
1026;81;Düzce;Akçakoca;Akçakoca Vergi Dairesi Müdürlüğü
1027;81;Düzce;Yığılca;Yığılca Malmüdürlüğü
1028;81;Düzce;Cumayeri;Cumayeri Malmüdürlüğü
1029;81;Düzce;Gölyaka;Gölyaka Malmüdürlüğü
1030;81;Düzce;Çilimli;Çilimli Malmüdürlüğü
1031;81;Düzce;Gümüşova;Gümüşova Malmüdürlüğü
1032;81;Düzce;Kaynaşlı Malmüdürlüğü
